name,ted_score
unitable,0.6478538950984024
yolo,0.2209993807362115
transformer_table,0.43203961390166795
contours_detection,0.12688313587318872
